,City,Cloudiness,Country,Date,Humidity,Lat,Lng,Max Temp,Wind Speed
1,Ucluelet,88,CA,1547265636,99,48.94,-125.55,42.46,1.92
2,Nadym,32,RU,1547265600,77,65.53,72.51,-17.4,13.44
3,Cabra,0,ES,1547263800,90,37.47,-4.43,32,2.24
4,Peabiru,32,BR,1547265637,84,-23.91,-52.35,73.91,8.3
5,Ixtapa,0,MX,1547264538,88,20.71,-105.21,64.96,1.59
6,Alyangula,40,AU,1547262000,70,-13.85,136.42,87.8,5.82
7,La Ronge,40,CA,1547264940,84,55.1,-105.3,1.4,11.41
8,Kalakamati,24,BW,1547265637,94,-20.59,27.31,66.08,7.85
9,Wladyslawowo,0,PL,1547263800,86,54.79,18.4,30.2,10.29
10,Luba,12,PH,1547265638,62,17.32,120.7,79.76,3.04
11,Brightwater,0,NZ,1547265638,55,-41.37,173.11,69.55,2.59
12,Puerto Leguizamo,36,CO,1547265638,88,-0.19,-74.78,76.39,3.71
13,Omaruru,0,NA,1547265639,84,-21.42,15.95,46.24,2.59
14,Kristinehamn,32,SE,1547263200,79,59.31,14.11,32,4.7
15,Bubaque,76,GW,1547265639,100,11.28,-15.83,78.14,4.72
16,Sioux Lookout,75,CA,1547263200,84,50.1,-91.92,8.6,4.7
17,Chilca,75,PE,1547262000,66,-13.22,-72.34,53.6,0.81
18,Pantai Remis,75,MY,1547262000,74,4.46,100.63,84.2,3.36
19,Matamoros,75,US,1547264100,87,25.87,-97.51,69.98,9.17
20,Quatre Cocos,40,MU,1547262000,88,-20.21,57.76,80.6,6.93
21,Saint George,90,GR,1547261400,93,39.45,22.34,37.4,4.7
22,Kulhudhuffushi,8,MV,1547265514,100,6.62,73.07,81.83,8.19
23,Butaritari,76,KI,1547265641,100,3.07,172.79,83.63,12.77
24,Isangel,0,VU,1547265539,100,-19.55,169.27,79.9,4.61
25,Mogadishu,64,SO,1547265479,100,2.04,45.34,78.64,22.62
26,Hobart,0,AU,1547263800,19,-42.88,147.33,75.2,20.8
27,Laguna,0,MX,1547265506,83,27.52,-110.01,61.49,2.71
28,San Miguel,0,AR,1547262000,64,-34.54,-58.72,71.6,8.05
29,Altea,0,ES,1547263800,55,38.6,-0.05,33.8,8.05
30,Sokolka,88,RU,1547265644,86,52.46,43.89,14.65,3.15
31,Codrington,0,AU,1547262000,38,-28.95,153.24,89.6,12.75
32,Katsuura,90,JP,1547262000,75,33.93,134.5,44.6,8.05
33,Awbari,0,LY,1547265644,67,26.59,12.77,36.47,8.97
34,Siavonga,92,ZW,1547265644,100,-16.54,28.71,71.17,3.38
35,Rio Grande,92,BR,1547265377,94,-32.03,-52.1,72.56,10.87
36,Samarai,24,PG,1547265645,100,-10.62,150.67,81.97,4.16
37,Esil,48,KZ,1547265645,72,51.96,66.41,-6.19,8.86
38,Komsomolskiy,64,RU,1547265326,86,67.55,63.78,2.05,14.79
39,Wahiawa,75,US,1547261820,64,21.5,-158.02,78.98,8.05
40,Vaini,0,IN,1547262000,77,15.34,74.49,66.2,2.93
41,Port Lincoln,0,AU,1547265449,77,-34.72,135.86,70.45,17.47
42,Talnakh,32,RU,1547265345,77,69.49,88.39,-38.19,4.27
43,Monrovia,20,LR,1547263800,94,6.33,-10.8,75.2,5.28
44,Neuquen,0,AR,1547262000,19,-38.95,-68.06,69.8,5.82
45,Saint-Denis,90,FR,1547262000,93,48.94,2.36,42.8,4.7
46,Portland,75,US,1547261580,58,45.52,-122.67,46.94,12.75
47,Fairbanks,20,US,1547263080,65,64.84,-147.72,-38.21,2.71
48,Lipovtsy,0,RU,1547265646,50,44.2,131.72,21.17,3.71
49,Helong,32,CN,1547265430,91,25.94,116.13,51.46,3.49
50,Hami,44,CN,1547265647,57,42.84,93.51,4.66,2.71
51,Necochea,8,AR,1547265647,69,-38.55,-58.74,60.19,11.77
52,Dakar,0,SN,1547263800,77,14.69,-17.45,68,16.11
53,Beringovskiy,32,RU,1547265647,94,63.05,179.32,-1.65,22.28
54,Hamilton,40,BM,1547261700,67,32.3,-64.78,59,10.42
55,Chokurdakh,0,RU,1547265432,0,70.62,147.9,-39.99,2.93
56,Vostok,0,RU,1547265436,55,46.45,135.83,13.61,1.14
57,Salinopolis,92,BR,1547265444,100,-0.61,-47.36,75.98,5.39
58,Kudahuvadhoo,20,MV,1547265389,100,2.67,72.89,79.99,9.42
59,Grand Gaube,40,MU,1547262000,88,-20.01,57.66,80.6,6.93
60,Champerico,12,MX,1547265484,82,16.38,-93.6,63.25,1.25
61,Portales,90,US,1547264580,93,34.19,-103.33,39.2,4.7
62,Sekoma,0,BW,1547265649,68,-24.51,23.93,70,7.4
63,Tessalit,56,ML,1547264548,20,20.2,1.01,46.6,10.2
64,Sistranda,75,NO,1547261400,86,63.73,8.83,37.4,19.46
65,Cabatuan,20,PH,1547265649,100,16.95,121.67,75.44,1.92
66,Aden,76,YE,1547265516,100,12.79,45.03,74.95,8.41
67,Vaijapur,0,IN,1547265650,69,19.92,74.72,58.97,2.15
68,Hambantota,75,LK,1547262600,94,6.12,81.12,75.2,6.93
69,Murray Bridge,0,AU,1547265650,72,-35.12,139.28,74.41,22.28
70,Maldonado,0,UY,1547262000,77,-34.91,-54.96,60.8,9.17
71,Piacabucu,80,BR,1547265483,88,-10.41,-36.43,76.07,5.61
72,Bredasdorp,32,ZA,1547262000,76,-34.53,20.04,53.6,5.82
73,Bluff,0,AU,1547265424,53,-23.58,149.07,87.77,8.63
74,Ulaangom,8,MN,1547265353,22,49.98,92.07,-18.84,1.14
75,Vila,0,IT,1547263200,58,45.18,8.4,28.4,3.36
76,Vanimo,12,PG,1547265651,100,-2.67,141.3,83.05,14.23
77,Nkhotakota,92,MW,1547265651,100,-12.93,34.3,72.97,1.36
78,Thompson,75,CA,1547262000,70,55.74,-97.86,-2.21,3.36
79,Marsa Matruh,0,EG,1547262000,61,31.35,27.25,46.4,9.17
80,Pangnirtung,64,CA,1547265368,53,66.15,-65.72,-18.43,3.15
81,Busselton,0,AU,1547265431,81,-33.64,115.35,74.32,11.77
82,Estelle,90,US,1547264940,93,32.87,-97.01,54.14,11.41
83,Kapiri Mposhi,80,ZM,1547265652,98,-13.97,28.68,65.95,2.93
84,Lavrentiya,24,RU,1547265652,99,65.58,-170.99,-8.71,27.31
85,Popondetta,64,PG,1547265652,83,-8.77,148.24,78.1,2.26
86,Nizhniy Odes,88,RU,1547265652,72,63.64,54.86,14.06,9.98
87,Guiren,20,TW,1547263800,54,22.97,120.29,80.6,9.17
88,Minab,0,IR,1547263800,50,27.15,57.07,55.4,4.7
89,Sicamous,48,CA,1547264820,96,50.84,-118.99,32,2.24
90,Tamiahua,36,MX,1547265653,91,21.28,-97.45,73.87,17.25
91,Yumen,0,CN,1547265653,57,40.29,97.04,5.06,3.94
92,Qaanaaq,24,GL,1547265217,100,77.48,-69.36,-18.16,10.54
93,Jamestown,0,AU,1547265041,44,-33.21,138.6,88,11.77
94,Clyde River,1,CA,1547262000,73,70.47,-68.59,-31.01,6.93
95,Kahului,40,US,1547264700,69,20.89,-156.47,82.04,4.7
96,Anadyr,0,RU,1547263800,75,64.73,177.51,-13.01,6.71
97,Presidencia Roque Saenz Pena,92,AR,1547265475,98,-26.79,-60.44,70.94,9.08
98,College,20,US,1547263080,65,64.86,-147.8,-34.97,2.71
99,Yelizovo,40,RU,1547263800,59,53.19,158.38,33.8,20.13
100,Road Town,1,VG,1547261580,78,18.42,-64.62,75.02,3.36
101,Baghmara,0,IN,1547265655,63,23.8,86.21,60.23,3.94
102,Peleduy,24,RU,1547265386,51,59.63,112.75,-4.35,5.61
103,Lilongwe,92,MW,1547265655,99,-13.97,33.79,67.34,3.71
104,San Jose,0,PH,1547265525,70,15.79,120.99,80.84,2.93
105,Atasu,36,KZ,1547265471,80,48.68,71.64,-2.05,7.07
106,Cizre,0,TR,1547265656,72,37.33,42.19,21.04,2.71
107,Biloela,0,AU,1547265656,36,-24.4,150.51,91.06,7.29
108,Vardo,1,US,1547263200,79,39.62,-77.74,30.2,3.38
109,East London,75,ZA,1547262000,72,-33.02,27.91,64.4,20.8
110,Turukhansk,48,RU,1547265657,42,65.8,87.96,-26.89,4.16
111,Maceio,0,BR,1547262000,83,-9.67,-35.74,73.4,2.24
112,Broome,0,GB,1547263200,87,52.47,1.45,44.96,10.29
113,Chara,90,GR,1547261400,93,39.42,22.43,37.4,4.7
114,Erzin,0,TR,1547263200,91,36.95,36.2,44.6,4.7
115,Lata,0,IN,1547265492,88,30.78,78.62,27.16,2.15
116,San Cristobal,40,EC,1547262000,100,-0.39,-78.55,53.6,1.12
117,Sao Jose da Coroa Grande,68,BR,1547265493,94,-8.9,-35.15,75.89,5.61
118,Aransas Pass,90,US,1547264100,89,27.91,-97.15,68,13.87
119,Tutoia,92,BR,1547265658,100,-2.76,-42.27,72.34,2.93
120,Arman,32,RU,1547265658,73,59.7,150.17,5.42,5.39
121,Kununurra,0,AU,1547263800,37,-15.77,128.74,102.2,6.93
122,Victoria,75,BN,1547263800,70,5.28,115.24,87.8,2.24
123,Saskylakh,36,RU,1547264304,0,71.97,114.09,-43.18,3.6
124,Marawi,68,PH,1547265659,70,8,124.29,78.82,3.27
125,Punta Arenas,75,CL,1547262000,100,-53.16,-70.91,42.8,23.04
126,Haimen,12,CN,1547265659,96,31.87,121.18,45.79,8.19
127,Majene,0,ID,1547265659,91,-3.54,118.97,85.43,6.85
128,Madisonville,90,US,1547265300,100,37.33,-87.5,32,5.82
129,Tual,80,ID,1547265516,100,-5.67,132.75,82.73,11.77
130,Poya,12,NC,1547265660,99,-21.35,165.16,78.55,16.24
131,Sarai Naurang,100,PK,1547265660,92,32.83,70.78,44.44,2.48
132,Maragogi,68,BR,1547265595,94,-9.01,-35.22,75.89,5.61
133,Yangcun,24,CN,1547265661,89,29.98,118.17,42.91,3.38
134,Caravelas,88,BR,1547265092,100,-17.73,-39.27,80.8,10.76
135,Timbuktu,0,ML,1547265531,38,16.77,-3.01,58.34,9.75
136,Annau,0,TM,1547262000,100,37.89,58.52,30.2,4.7
137,Bull Savanna,0,JM,1547265661,88,17.89,-77.59,64.73,3.38
138,Rikitea,80,PF,1547265422,100,-23.12,-134.97,79.36,17.25
139,Alofi,24,NU,1547262000,69,-19.06,-169.92,82.4,18.34
140,Bloomingdale,90,US,1547265180,72,41.96,-88.08,32,3.36
141,Makasar,40,ID,1547263800,66,-6.28,106.88,86,8.05
142,Kayseri,20,TR,1547263200,78,38.73,35.48,15.8,2.24
143,Forestville,90,CA,1547262000,71,48.74,-69.09,6.8,23.04
144,Baft,0,IR,1547265663,64,29.23,56.61,12.4,2.15
145,Cusco,75,PE,1547262000,66,-13.52,-71.98,53.6,1.81
146,Nouadhibou,0,MR,1547264966,82,20.93,-17.03,57.22,6.73
147,Sept-Iles,90,CA,1547262000,79,50.2,-66.38,23,8.05
148,Gobindpur,0,IN,1547265663,63,23.81,86.6,60.23,3.94
149,Sorong,44,ID,1547265425,99,-0.86,131.25,84.08,9.31
150,Daru,44,SL,1547265664,79,7.99,-10.85,74.63,4.72
151,Inongo,64,CD,1547265664,100,-1.93,18.29,71.17,2.48
152,Pali,0,IN,1547265665,76,25.77,73.33,52.13,3.38
153,Vestmanna,92,FO,1547263200,87,62.16,-7.17,44.6,26.4
154,Kropotkin,92,RU,1547265665,92,45.43,40.58,42.64,17.02
155,Cachoeira do Sul,80,BR,1547265665,90,-30.05,-52.89,70.72,11.77
156,Xiaoweizhai,92,CN,1547265666,100,26.23,107.51,43.49,3.6
157,Aktau,0,KZ,1547263800,86,43.65,51.16,39.2,22.37
158,Baykit,32,RU,1547265666,73,61.68,96.39,-17.49,2.93
159,Tiznit,0,MA,1547265666,93,29.7,-9.73,47.05,6.17
160,Werda,92,DE,1547265000,99,50.44,12.3,35.6,9.17
161,Pangody,0,RU,1547265667,57,65.85,74.49,-19.6,14.56
162,Gewane,0,ET,1547265667,81,10.16,40.66,46.28,1.59
163,Chuy,92,UY,1547265274,90,-33.69,-53.46,65.18,7.18
164,Mackay,75,CA,1547262000,85,53.65,-115.58,21.2,3.36
165,Cap-aux-Meules,90,CA,1547262000,73,47.38,-61.86,19.4,18.34
166,Cherskiy,24,RU,1547265439,46,68.75,161.3,-15.46,2.71
167,Rocha,80,UY,1547265393,77,-34.48,-54.34,60.19,5.73
168,Qarqin,8,AF,1547265668,91,37.41,66.03,31.75,5.73
169,San Policarpo,48,PH,1547265669,89,12.18,125.51,81.56,11.77
170,Sabha,0,LY,1547265462,67,27.03,14.43,37.64,12.77
171,Nurota,90,UZ,1547263800,91,40.56,65.69,32,5.95
172,Pangai,40,TO,1547262000,74,-19.8,-174.35,84.2,16.11
173,Ponta do Sol,64,BR,1547265292,78,-20.63,-46,69.01,3.38
174,Oktyabrskiy,75,RU,1547263800,92,55.61,37.97,14,4.47
175,Kavieng,64,PG,1547265670,100,-2.57,150.8,81.97,7.85
176,Mataura,0,NZ,1547265040,53,-46.19,168.86,69.91,4.05
177,Pitimbu,75,BR,1547262000,83,-7.47,-34.81,77,8.05
178,Nagato,75,JP,1547262000,81,34.35,131.14,50,5.82
179,Iqaluit,20,CA,1547262000,68,63.75,-68.52,-20.21,20.8
180,Puerto Ayora,48,EC,1547265449,100,-0.74,-90.35,76.39,9.19
181,Ankang,92,CN,1547265388,79,32.73,108.99,30.98,2.93
182,Namibe,8,AO,1547265485,100,-15.19,12.15,73.19,3.15
183,Funadhoo,20,MV,1547265671,100,6.15,73.27,81.74,8.52
184,Mbamba,0,NG,1547265671,57,9.98,13.1,55.73,3.38
185,Byron Bay,0,AU,1547263800,51,-28.65,153.62,89.6,16.11
186,Bilma,0,NE,1547265488,52,18.69,12.92,47.14,3.49
187,Lasa,0,CY,1547263800,76,34.92,32.53,50,9.17
188,Fare,88,PF,1547265672,100,-16.7,-151.02,83.14,16.58
189,Aswan,0,EG,1547265527,93,24.09,32.9,42.14,4.05
190,Luderitz,24,NA,1547265276,91,-26.65,15.16,57.67,4.5
191,Ouadda,0,CF,1547265672,57,8.07,22.4,63.79,9.64
192,Paamiut,80,GL,1547265482,92,61.99,-49.67,31.21,4.38
193,Tazovskiy,48,RU,1547265391,36,67.47,78.7,-23.97,11.99
194,Aichach,92,DE,1547265000,95,48.46,11.13,32,16.11
195,Havelock,1,US,1547261880,81,34.88,-76.9,37.04,4.7
196,Viedma,48,AR,1547265673,29,-40.81,-62.99,75.94,18.7
197,Geraldton,20,CA,1547262000,75,49.72,-86.95,-13.01,4.7
198,Alta,88,NO,1547263200,86,69.97,23.27,33.8,42.5
199,Santa Lucia,5,IT,1547261700,60,39.93,9.66,41,11.41
200,Tiarei,90,PF,1547264040,74,-17.53,-149.33,84.2,13.87
201,Batemans Bay,0,AU,1547265316,51,-35.71,150.18,87.23,3.15
202,Pandan,100,PH,1547265675,100,11.72,122.09,75.62,12.66
203,Hualmay,20,PE,1547265460,96,-11.1,-77.61,66.62,5.73
204,Severo-Kurilsk,76,RU,1547265676,100,50.68,156.12,32.24,24.52
205,Sao Felix do Xingu,32,BR,1547265676,100,-6.64,-51.99,71.03,2.15
206,Livada,92,RO,1547262000,92,47.86,23.12,23,5.82
207,Salalah,0,OM,1547261400,25,17.01,54.1,73.4,16.11
208,Atar,0,MR,1547265677,36,20.52,-13.05,47.63,6.85
209,Shiyan,88,CN,1547265677,74,32.65,110.78,35.89,2.48
210,Tuktoyaktuk,90,CA,1547262000,75,69.44,-133.03,-14.81,11.41
211,Kisanga,8,CD,1547265677,95,-11.72,27.4,64.28,6.4
212,Zhaozhou,0,CN,1547265678,81,45.71,125.27,18.11,5.17
213,Carnarvon,8,ZA,1547265425,82,-30.97,22.13,50.11,5.5
214,Myaundzha,24,RU,1547265678,50,63.05,147.18,-32.07,2.93
215,Catamayo,76,EC,1547265678,98,-3.99,-79.36,55.46,0.92
216,Klaksvik,88,FO,1547263200,87,62.23,-6.59,44.6,26.4
217,Pedernales,56,EC,1547265679,96,0.07,-80.05,71.21,4.38
218,Segovia,0,ES,1547263800,86,40.95,-4.12,26.6,3.36
219,Lompoc,90,US,1547264340,87,34.64,-120.46,60.08,9.17
220,Aksu,0,KZ,1547263800,82,52.04,76.93,-18.41,2.24
221,Arraial do Cabo,8,BR,1547265458,86,-22.97,-42.02,77.42,16.46
222,Celestun,0,MX,1547265679,97,20.87,-90.4,74.5,15.79
223,Beloha,100,MG,1547265680,96,-25.17,45.06,73.87,11.65
224,Lensk,20,RU,1547265680,50,60.71,114.91,-3.76,7.63
225,Palembang,75,ID,1547263800,70,-2.99,104.76,86,11.41
226,Kichera,8,RU,1547265680,69,55.93,110.1,-11.55,1.92
227,Naerbo,90,NO,1547263200,80,58.67,5.65,35.6,6.93
228,Komatipoort,20,MZ,1547265681,80,-25.43,31.96,79.27,8.3
229,Denizli,75,TR,1547261400,65,37.77,29.09,41,6.93
230,Rivadavia,0,AR,1547265618,65,-31.53,-68.59,61.58,4.61
231,Marshall,90,US,1547265180,72,39.39,-87.69,32.54,5.82
232,Tunoshna,90,RU,1547263800,85,57.55,40.13,14,8.95
233,Uvira,32,CD,1547265682,100,-3.41,29.14,60.01,1.7
234,Iquitos,90,PE,1547262000,94,-3.75,-73.25,73.4,4.7
235,Bandarbeyla,92,SO,1547265304,100,9.49,50.81,75.26,16.69
236,Jambi,32,ID,1547265683,91,-1.6,103.62,80.17,4.05
237,Sebring,1,US,1547264100,77,27.5,-81.44,60.98,3.36
238,Ginda,0,IN,1547265434,88,30.69,78.49,27.16,2.15
239,Kupang,56,ID,1547265683,85,-10.16,123.6,86.11,6.96
240,Madison Heights,90,US,1547264160,55,42.49,-83.11,26.96,4.05
241,Missoula,1,US,1547261580,84,46.87,-114,21.92,1.81
242,Belmonte,0,PT,1547265516,85,40.36,-7.35,27.74,4.61
243,Meulaboh,24,ID,1547265435,100,4.14,96.13,80.8,2.71
244,Maniitsoq,0,GL,1547265501,100,65.42,-52.9,6.23,9.19
245,Oistins,20,BB,1547262000,73,13.07,-59.53,77,16.11
246,Egvekinot,0,RU,1547265685,0,66.32,-179.17,-44.17,2.59
247,Beni,8,CD,1547265685,84,0.49,29.47,58.39,2.71
248,Zhigansk,48,RU,1547265333,66,66.77,123.37,-22.17,9.19
249,Mora,0,PT,1547265685,87,38.94,-8.17,31.12,5.95
250,Margate,0,AU,1547263800,19,-43.03,147.26,75.2,20.8
251,Lloydminster,40,CA,1547262000,84,53.28,-110.01,6.8,13.87
252,Sosnogorsk,88,RU,1547265686,75,63.59,53.93,14.92,10.54
253,Constitucion,0,MX,1547265330,53,23.99,-104.67,51.64,7.18
254,Liling,90,CN,1547262000,93,27.65,113.49,39.2,2.24
255,Katangli,0,RU,1547265690,100,51.71,143.23,9.34,16.02
256,Elko,90,US,1547261760,81,40.83,-115.76,26.96,5.82
257,Tautira,90,PF,1547264040,74,-17.73,-149.15,84.2,13.87
258,Chabahar,0,IR,1547265691,100,25.29,60.65,67.43,13.22
259,Saint-Francois,90,FR,1547263800,100,46.42,3.91,35.6,2.24
260,Touros,20,BR,1547262000,83,-5.2,-35.46,77,4.7
261,Hermanus,12,ZA,1547265417,100,-34.42,19.24,48.49,3.15
262,Lakes Entrance,8,AU,1547265692,47,-37.88,147.99,86.06,8.86
263,Brae,92,GB,1547263200,93,60.4,-1.35,46.4,20.8
264,Bathsheba,20,BB,1547262000,73,13.22,-59.52,77,16.11
265,Poso,12,ID,1547265693,98,-1.4,120.75,83.09,3.38
266,Port Blair,40,IN,1547262000,83,11.67,92.75,82.4,10.29
267,San Patricio,80,PY,1547265007,82,-26.98,-56.83,78.1,3.94
268,Ostrovnoy,88,RU,1547265081,89,68.05,39.51,21.53,10.65
269,Kodiak,90,US,1547264100,100,39.95,-94.76,33.8,8.05
270,Kaabong,0,UG,1547265694,56,3.51,34.14,59.65,7.18
271,Acajutla,0,SV,1547265452,85,13.59,-89.83,71.26,2.37
272,Aksehir,56,TR,1547265694,100,38.36,31.42,31.66,5.28
273,Soufriere,40,LC,1547262000,83,13.86,-61.06,78.8,21.92
274,Ilulissat,0,GL,1547261400,43,69.22,-51.1,-7.61,2.24
275,Ciudad Bolivar,0,VE,1547265695,54,8.12,-63.55,82.42,15.35
276,Curuguaty,48,PY,1547265696,91,-24.47,-55.69,73.64,2.15
277,Pimentel,92,BR,1547265696,100,-3.7,-45.5,70.13,3.83
278,Nikolskoye,75,RU,1547263800,79,59.7,30.79,32,13.42
279,Barrow,0,AR,1547265012,56,-38.31,-60.23,61.67,12.1
280,Santa Luzia,0,BR,1547262000,73,-19.77,-43.85,73.4,6.93
281,Amot,32,NO,1547265697,76,59.57,7.99,9.29,2.04
282,Lagoa,0,PT,1547262000,39,37.14,-8.45,48.2,9.17
283,Flinders,0,AU,1547262000,52,-34.58,150.85,89.6,12.75
284,Ustye,32,RU,1547265698,83,58.76,27.79,24.32,12.66
285,Bonnyville,75,CA,1547262000,85,54.27,-110.74,10.4,8.05
286,Naberera,12,TZ,1547265698,95,-4.2,36.93,61.81,2.82
287,Forbes,0,AU,1547265699,67,-33.38,148.01,89.62,4.83
288,Taksimo,64,RU,1547265699,58,56.36,114.84,-8.67,1.7
289,Yorkton,40,CA,1547262000,91,51.21,-102.46,3.2,3.36
290,Sweetwater,1,US,1547264100,97,32.47,-100.41,55.04,5.82
291,Puerto Escondido,0,MX,1547265505,100,15.86,-97.07,80.89,4.94
292,Loviisa,0,FI,1547263200,92,60.46,26.23,28.4,8.05
293,Honiara,80,SB,1547265527,98,-9.43,159.96,79.27,2.37
294,Alice Springs,0,AU,1547264640,13,-23.7,133.88,105.8,11.41
295,Ambam,0,NG,1547265701,40,9.52,8.32,61.22,7.4
296,NEDJO,0,ET,1547265701,74,9.5,35.5,47.5,3.38
297,Minas,0,UY,1547262000,77,-34.38,-55.24,60.8,9.17
298,Tasiilaq,80,GL,1547261400,73,65.61,-37.64,19.4,10.29
299,Cape Town,0,ZA,1547262000,100,-33.93,18.42,53.6,5.82
300,Kapit,36,MY,1547265702,81,2.02,112.94,82.82,1.7
301,Katherine,0,AU,1547263800,53,-14.47,132.26,95,9.17
302,Bilibino,12,RU,1547265459,59,68.06,166.44,-20.95,2.71
303,Birjand,0,IR,1547262000,52,32.86,59.22,19.4,4.7
304,Nome,90,US,1547264100,84,30.04,-94.42,57.56,11.41
305,Leningradskiy,8,RU,1547265703,88,69.38,178.42,-14.2,14.45
306,Tibati,0,CM,1547265704,43,6.47,12.63,64.6,8.52
307,Nanortalik,48,GL,1547265543,89,60.14,-45.24,31.07,43.87
308,Troitskoye,80,RU,1547265704,75,52.98,84.68,-0.12,4.05
309,Castro,90,CL,1547262000,100,-42.48,-73.76,53.6,5.82
310,Mana,40,RS,1547263800,100,43.52,20.24,15.8,2.24
311,Coquimbo,0,CL,1547262000,82,-29.95,-71.34,59,5.82
312,Spas-Demensk,88,RU,1547265705,81,54.41,34.03,7.58,8.97
313,Cimitarra,8,CO,1547265705,89,6.31,-73.95,71.39,2.71
314,Qixingtai,100,CN,1547265706,100,30.41,111.89,36.79,2.26
315,Lisala,92,CD,1547265707,70,2.15,21.52,76.57,8.63
316,Yar-Sale,48,RU,1547265708,74,66.83,70.83,-11.05,18.03
317,Jurm,64,AF,1547265708,94,36.86,70.83,5.87,1.36
318,Upernavik,32,GL,1547265446,100,72.79,-56.15,-6.28,5.73
319,Yerbogachen,44,RU,1547265794,60,61.28,108.01,-7.5,6.96
320,Mumford,32,GH,1547265709,94,5.26,-0.76,77.47,5.06
321,Biryukove,75,UA,1547263800,86,47.96,39.74,33.8,24.61
322,Kamariotissa,75,GR,1547265000,86,40.48,25.47,42.8,12.75
323,Galle,40,US,1547265180,96,29.74,-97.91,59.36,4.7
324,Lerwick,76,GB,1547263200,81,60.15,-1.15,46.4,29.97
325,Huarmey,44,PE,1547265710,94,-10.07,-78.15,65.36,3.83
326,Vao,44,EE,1547265711,85,59.1,26.19,31.43,11.43
327,Cheremukhovo,68,RU,1547265711,85,56.23,46.23,13.79,7.52
328,Oksfjord,90,NO,1547263200,86,70.24,22.35,33.8,65.54
329,Vytegra,92,RU,1547265711,93,61.01,36.45,23.96,20.38
330,Biu,0,NG,1547265712,39,10.61,12.19,61.13,7.63
331,Aykhal,24,RU,1547265353,32,65.95,111.51,-23.34,6.62
332,Severomuysk,36,RU,1547265712,80,56.17,113.57,-7.9,2.48
333,Taoudenni,12,ML,1547265540,39,22.68,-3.98,42.77,8.97
334,Labuhan,32,ID,1547265714,73,-2.54,115.51,85.97,3.15
335,Mauguio,0,FR,1547263800,60,43.62,4.01,42.8,11.41
336,Pompeu,0,BR,1547262000,61,-21.05,-48.85,77,8.63
337,La Baule-Escoublac,90,FR,1547263800,87,47.28,-2.4,44.6,4.7
338,Ushtobe,92,KZ,1547265801,92,45.25,77.98,25.72,4.94
339,Cururupu,92,BR,1547265420,100,-1.82,-44.87,73.64,2.71
340,Palmeira das Missoes,92,BR,1547265437,90,-27.9,-53.31,71.93,10.76
341,Umm Kaddadah,0,SD,1547265461,37,13.6,26.69,54.25,8.75
342,Dharchula,0,IN,1547265720,73,29.85,80.53,23.78,1.7
343,Bose,0,IT,1547265000,79,45.46,8.01,32,2.24
344,Cassia,1,US,1547265180,89,28.89,-81.47,62.96,4.7
345,Morant Bay,20,JM,1547262000,61,17.88,-76.41,77,3.36
346,Vestmannaeyjar,0,IS,1547265722,97,63.44,-20.27,41.74,24.29
347,Lanxi,68,CN,1547265723,99,29.21,119.46,46.96,2.82
348,Narsaq,75,GL,1547261400,51,60.91,-46.05,37.4,24.16
349,Kalmunai,88,LK,1547265494,100,7.42,81.82,74.05,6.4
350,New Glasgow,44,CA,1547265610,78,45.59,-62.65,20.27,8.3
351,Sisimiut,0,GL,1547265725,100,66.94,-53.67,-21.04,3.15
352,Takoradi,12,GH,1547265725,100,4.89,-1.75,80.44,4.38
353,Atuona,0,PF,1547265040,100,-9.8,-139.03,81.47,16.24
354,Chopan,0,IN,1547265726,87,24.52,83.02,52.99,2.82
355,Macapa,75,BR,1547262000,100,0.05,-51.07,77,6.93
356,Port Hedland,0,AU,1547263800,59,-20.31,118.58,93.2,14.99
357,Jardim,44,BR,1547265726,92,-21.48,-56.15,74.36,1.92
358,La Peca,12,PE,1547265726,99,-5.61,-78.44,61.13,2.15
359,Tayshet,36,RU,1547265727,69,55.94,98.01,-5.83,2.48
360,Klyuchi,32,RU,1547265515,73,52.25,79.17,-6.24,7.85
361,Severobaykalsk,0,RU,1547265728,69,55.65,109.32,-17.67,2.93
362,Anahuac,90,US,1547265300,93,29.77,-94.68,62.06,9.17
363,Jarwal,0,IN,1547265729,86,27.12,81.54,52.04,2.82
364,Gat,0,SN,1547263800,77,14.69,-16.54,68,16.11
365,Quepos,0,CR,1547262000,68,9.43,-84.16,69.8,11.41
366,Aklavik,90,CA,1547262000,74,68.22,-135.01,-22.01,4.7
367,Kruisfontein,8,ZA,1547265730,87,-34,24.73,63.83,20.71
368,Berlevag,68,NO,1547265730,100,70.86,29.09,19.6,4.38
369,Laramie,90,US,1547263740,100,41.31,-105.59,30.2,8.05
370,Gorontalo,44,ID,1547265730,67,0.54,123.06,86.24,2.59
371,Sao Filipe,0,CV,1547265731,99,14.9,-24.5,71.66,10.87
372,Fortuna,0,ES,1547263800,55,38.18,-1.13,33.8,8.05
373,Cockburn Town,12,TC,1547265536,100,21.46,-71.14,76.75,13.78
374,Orlik,24,RU,1547265517,62,52.51,99.83,-17.94,2.04
375,Teluknaga,40,ID,1547263800,66,-6.1,106.64,86,8.05
376,Darhan,36,MN,1547265819,74,49.49,105.92,-1.51,3.04
377,Sakaraha,68,MG,1547265734,97,-22.91,44.53,70,11.88
378,Alakurtti,68,RU,1547265734,92,66.96,30.34,20.54,4.05
379,Pastavy,8,BY,1547265734,80,55.11,26.84,21.53,7.85
380,Petropavlivka,68,UA,1547265735,95,48.46,36.42,26.44,14.56
381,Port Moresby,40,PG,1547262000,62,-9.47,147.16,89.6,11.41
382,Natal,40,BR,1547262000,74,-5.81,-35.21,78.8,4.7
383,Hithadhoo,88,MV,1547265274,100,-0.6,73.08,79.04,0.36
384,Catuday,8,PH,1547265822,91,16.29,119.81,81.83,5.95
385,Bershet,75,RU,1547263800,78,57.73,56.38,12.2,11.18
386,Manaure,0,CO,1547265444,95,11.78,-72.45,77.42,19.6
387,Cayenne,0,GF,1547263800,94,4.94,-52.33,73.4,2.24
388,Saint-Augustin,90,FR,1547263800,93,44.83,-0.61,42.8,3.36
389,Gilford,90,US,1547265300,68,43.49,-83.62,26.6,5.82
390,Longyearbyen,20,NO,1547261400,55,78.22,15.63,8.6,18.34
391,Jaguey Grande,20,CU,1547261400,82,22.53,-81.13,62.6,5.82
392,Srednekolymsk,36,RU,1547265511,49,67.46,153.71,-29.86,2.59
393,Tezpur,0,IN,1547265738,75,26.62,92.79,61.04,4.05
394,Prieska,0,ZA,1547265738,45,-29.67,22.74,52.99,4.27
395,Ribeira Grande,40,PT,1547260200,72,38.52,-28.7,59,12.75
396,Oslob,40,PH,1547262000,74,9.52,123.43,84.2,11.41
397,Portobelo,20,PA,1547262000,83,9.55,-79.65,75.2,3.36
398,Garowe,0,SO,1547265739,93,8.41,48.48,55.15,5.95
399,Celano,32,IT,1547261700,37,42.09,13.54,30.2,12.75
400,Las Vegas,40,US,1547262900,77,36.17,-115.15,57.02,3.36
401,Korhogo,0,CI,1547265740,66,9.46,-5.63,64.06,2.71
402,Kloulklubed,75,PW,1547265000,74,7.04,134.26,84.2,9.17
403,Lamu,32,ID,1547265740,73,0.57,122.3,85.84,0.69
404,Chaman,0,AF,1547265741,79,30.92,66.46,18.16,3.6
405,Nicoya,0,CR,1547262000,61,10.15,-85.45,78.8,17.22
406,Belaya Gora,8,RU,1547265466,0,68.54,146.19,-43.9,2.82
407,Puro,76,PH,1547265741,100,13.13,123.76,75.94,6.85
408,Cam Ranh,40,VN,1547263800,62,11.92,109.15,86,11.41
409,Upata,48,VE,1547265742,61,8.02,-62.41,78.01,9.19
410,Snezhnogorsk,75,RU,1547263800,85,69.19,33.23,23,2.24
411,Miri,8,NG,1547265464,57,10.31,9.75,56.14,3.71
412,Farafangana,88,MG,1547265742,100,-22.82,47.83,78.01,8.19
413,Port Alfred,0,ZA,1547265268,83,-33.59,26.89,66.89,22.5
414,Mar del Plata,36,AR,1547265255,42,-46.43,-67.52,65.81,20.49
415,Qasigiannguit,0,GL,1547261400,43,68.82,-51.19,-7.61,2.24
416,Gawler,0,AU,1547263800,25,-34.6,138.75,86,20.8
417,Okhotsk,0,RU,1547265457,100,59.36,143.24,-5.2,9.98
418,Kovdor,48,RU,1547265743,81,67.56,30.47,15.19,2.37
419,Netivot,0,IL,1547265743,84,31.42,34.59,31.57,2.93
420,Coolum Beach,0,AU,1547265744,61,-26.53,153.09,83.99,9.08
421,Mariental,92,DE,1547265744,96,52.28,10.99,38.95,14.9
422,Casper,1,US,1547261580,95,42.87,-106.31,24.08,4.7
423,Bambous Virieux,40,MU,1547262000,88,-20.34,57.76,80.6,6.93
424,New Norfolk,0,AU,1547262780,49,-42.78,147.06,73.4,19.46
425,Tabas,0,IR,1547262000,68,33.6,56.92,28.4,4.7
426,Balkhash,75,KZ,1547263800,92,46.84,74.98,15.8,2.24
427,Saint-Philippe,1,CA,1547264100,60,45.36,-73.48,5,5.82
428,Viramgam,0,IN,1547263800,48,23.12,72.05,60.8,8.05
429,Khatanga,48,RU,1547265295,58,71.98,102.47,-32.79,9.64
430,Inirida,0,CO,1547265746,92,3.87,-67.92,74.36,1.81
431,Pindiga,0,NG,1547265746,37,9.98,10.93,62.17,7.52
432,Tuatapere,0,NZ,1547265482,73,-46.13,167.69,62.93,5.06
433,Yakeshi,20,CN,1547265505,73,49.28,120.73,8.66,3.27
434,Talaya,40,RU,1547263800,77,55.79,84.89,1.4,8.95
435,Pakxan,32,LA,1547265747,72,18.39,103.66,74.27,2.71
436,Namatanai,36,PG,1547265747,93,-3.66,152.44,85.61,15.01
437,Ancud,90,CL,1547262000,100,-41.87,-73.83,53.6,5.82
438,Shatrovo,75,BG,1547263800,79,42.29,22.98,24.8,6.93
439,Lorengau,68,PG,1547265441,98,-2.02,147.27,83.77,13.33
440,Erseke,80,AL,1547265747,100,40.34,20.68,18.16,1.7
441,Paita,44,PE,1547265748,70,-5.09,-81.11,75.67,7.85
442,Diego de Almagro,0,CL,1547265472,91,-26.39,-70.05,54.7,2.04
443,Iznoski,80,RU,1547265748,83,54.99,35.31,8.84,10.42
444,Muroto,75,JP,1547262000,81,33.37,134.14,48.2,8.05
445,Yellowknife,90,CA,1547262000,84,62.45,-114.38,6.8,8.05
446,Tilichiki,0,RU,1547265748,77,60.47,166.1,4.79,6.29
447,Camacari,40,BR,1547262000,74,-12.7,-38.32,82.4,11.41
448,Saldanha,0,PT,1547265301,86,41.42,-6.55,19.37,3.49
449,Nishihara,75,JP,1547263800,41,35.74,139.53,42.8,3.36
450,Bethel,1,US,1547261760,76,60.79,-161.76,-22.01,20.8
451,Broken Hill,0,AU,1547262000,9,-31.97,141.45,107.6,13.87
452,Tiksi,32,RU,1547265442,47,71.64,128.87,-29.14,6.4
453,Putina,92,PE,1547265749,94,-14.91,-69.87,37.82,2.93
454,Buala,92,SB,1547265750,90,-8.15,159.59,83.95,4.94
455,Urucara,8,BR,1547265750,98,-2.54,-57.76,72.47,3.04
456,Vilhena,56,BR,1547265750,97,-12.74,-60.15,69.82,0.58
457,Shache,44,CN,1547265750,79,38.42,77.24,12.89,2.82
458,Norman Wells,20,CA,1547262000,72,65.28,-126.83,-40.01,3.27
459,Lebu,0,ET,1547262000,62,8.96,38.73,46.4,9.17
460,The Valley,40,AI,1547262000,83,18.22,-63.06,75.2,3.36
461,Johnson City,90,US,1547264100,64,36.31,-82.35,39.2,2.37
462,Samagaltay,36,RU,1547265751,62,50.6,95,-23.7,3.15
463,Rio Gallegos,0,AR,1547262000,49,-51.62,-69.22,46.4,14.99
464,Lohja,0,FI,1547265000,86,60.25,24.07,30.2,11.41
465,Ponta Delgada,75,PT,1547262000,82,37.73,-25.67,59,14.99
466,Udachnyy,24,RU,1547265752,34,66.42,112.4,-23.65,4.05
467,Palora,48,EC,1547265752,100,-1.7,-77.97,59.29,2.48
468,Chapais,90,CA,1547262000,76,49.78,-74.86,-11.21,9.17
469,Inhambane,48,MZ,1547265507,99,-23.87,35.38,79.67,11.54
470,Mahebourg,40,MU,1547262000,88,-20.41,57.7,80.6,6.93
471,Makakilo City,1,US,1547261820,64,21.35,-158.09,78.98,8.05
472,Brigantine,1,US,1547265360,49,39.41,-74.36,30.92,6.93
473,Melo,92,UY,1547265469,91,-32.37,-54.17,65.32,9.19
474,Nalut,0,LY,1547265753,94,31.86,10.98,34.54,8.41
475,Bida,0,NG,1547265753,64,9.08,6.02,67.84,3.6
476,Poum,56,MK,1547265753,80,41.28,20.71,12.85,1.81
477,Samus,40,RU,1547263800,77,56.74,84.7,1.4,8.95
478,Ilhabela,8,BR,1547265520,100,-23.78,-45.36,79.9,6.17
479,Matadi,92,CD,1547265754,100,-5.83,13.46,72.7,3.15
480,Hilo,90,US,1547261580,81,19.71,-155.08,73.04,8.05
481,Vila Franca do Campo,75,PT,1547262000,82,37.72,-25.43,59,14.99
482,Ingham,92,AU,1547265486,98,-18.65,146.16,79.27,10.87
483,Matara,92,PE,1547265755,97,-13.74,-72.9,44.71,1.7
484,Cabo San Lucas,0,MX,1547265434,100,22.89,-109.91,72.52,2.37
485,Faanui,92,PF,1547265459,100,-16.48,-151.75,83.41,17.58
486,Hasaki,75,JP,1547263800,100,35.73,140.83,44.6,6.93
487,Guerrero Negro,0,MX,1547265520,100,27.97,-114.04,52.9,4.5
488,Avarua,75,CK,1547262000,74,-21.21,-159.78,82.4,8.05
489,Buta,12,CD,1547265756,86,2.79,24.73,72.92,2.15
490,Manjo,0,CM,1547265756,95,4.85,9.82,64.87,2.26
491,Nemuro,75,JP,1547262000,67,43.32,145.57,23,8.05
492,Abu Samrah,8,SY,1547265756,88,35.3,37.18,28.82,3.6
493,Panguna,68,PG,1547265756,77,-6.32,155.48,83.63,3.94
494,High Prairie,20,CA,1547265757,74,55.43,-116.48,12.31,2.82
495,Ambilobe,92,MG,1547265757,92,-13.19,49.05,71.39,3.27
496,Kosa,80,RU,1547265537,83,59.94,54.99,17.17,13.44
497,Tlaxco,88,MX,1547265757,68,19.61,-98.12,51.37,0.81
498,Havoysund,90,NO,1547263200,86,71,24.66,33.8,65.54
499,Yulara,0,AU,1547262000,13,-25.24,130.99,107.6,13.87
500,Portree,92,GB,1547265758,99,57.41,-6.19,46.6,24.85
501,Northam,92,GB,1547261400,93,51.04,-4.21,48.2,13.87
502,Tura,0,IN,1547265161,78,25.52,90.21,60.14,4.61
503,Ust-Nera,20,RU,1547265517,82,64.57,143.24,-41.07,1.92
504,Plettenberg Bay,36,ZA,1547265527,100,-34.05,23.37,63.97,19.26
505,Sitka,92,US,1547265216,100,37.17,-99.65,35.39,18.03
506,Jalu,0,LY,1547265438,40,29.03,21.55,47.09,11.43
507,Baker City,1,US,1547261580,85,44.77,-117.83,33.98,3.36
508,Santa Rosa,0,AR,1547265762,62,-36.62,-64.29,67.97,14.9
509,Cairo Montenotte,0,IT,1547265000,35,44.4,8.27,44.6,6.93
510,Sudzha,44,RU,1547265763,85,51.19,35.27,10.37,8.52
511,Wanaka,0,NZ,1547265763,33,-44.7,169.14,70.81,2.26
512,Ahuimanu,90,US,1547261820,76,21.44,-157.84,78.98,4.7
513,Airai,12,TL,1547265534,66,-8.93,125.41,84.17,2.26
514,Fort Nelson,75,CA,1547262000,76,58.81,-122.69,-4.01,2.24
515,Senador Pompeu,56,BR,1547265764,80,-5.58,-39.37,74.05,4.38
516,Pisco,20,PE,1547262000,88,-13.71,-76.2,71.6,17.22
517,Kapaa,40,US,1547261760,64,22.08,-159.32,78.08,9.17
518,Mayo,90,CA,1547262000,68,63.59,-135.9,-18.41,2.48
519,Kirakira,88,SB,1547265765,100,-10.46,161.92,81.83,9.64
520,Khasan,24,RU,1547265766,84,42.43,130.64,30.26,3.38
521,Montanhas,40,BR,1547262000,74,-6.49,-35.29,78.8,4.7
522,Port Elizabeth,1,US,1547261760,80,39.31,-74.98,30.92,3.36
523,Le Port,56,FR,1547265766,97,42.87,1.37,20.41,2.15
524,Comodoro Rivadavia,0,AR,1547262000,48,-45.87,-67.48,64.4,9.17
525,Acapulco,0,MX,1547265039,86,16.86,-99.88,75.98,6.4
526,Zhezkazgan,40,KZ,1547262000,83,47.8,67.71,-7.61,2.24
527,Dikson,0,RU,1547265444,94,73.51,80.55,-21.31,17.92
528,Dingle,20,PH,1547265482,70,11,122.67,82.64,10.65
529,Adrar,0,DZ,1547262000,48,27.87,-0.29,39.2,12.75
530,Kaitangata,0,NZ,1547265270,72,-46.28,169.85,62.8,9.53
531,Esperance,20,TT,1547262000,88,10.24,-61.45,75.2,3.36
532,Albany,75,US,1547263920,68,42.65,-73.75,12.02,10.29
533,Pochutla,76,MX,1547265768,100,15.74,-96.47,79.13,5.61
534,Provideniya,20,RU,1547265270,100,64.42,-173.23,-11.23,17.92
535,Sadovoye,92,RU,1547265769,93,47.78,44.52,38.27,17.25
536,Chiredzi,20,ZW,1547265769,89,-21.05,31.67,75.49,3.6
537,Kumluca,56,TR,1547265769,100,36.37,30.29,29.41,0.69
538,Dangara,0,NG,1547265770,42,11.43,7.3,60.55,7.96
539,Georgetown,75,GY,1547262000,88,6.8,-58.16,75.2,4.7
540,Souillac,90,FR,1547263800,100,45.6,-0.6,41,1.81
541,Nyurba,24,RU,1547265770,65,63.29,118.35,-14.47,4.94
542,Inuvik,90,CA,1547262000,74,68.36,-133.71,-22.01,4.7
543,Vila Velha,40,BR,1547262000,83,-3.71,-38.6,80.6,5.82
544,Cidreira,92,BR,1547265426,99,-30.17,-50.22,71.66,9.31
545,Ushuaia,75,AR,1547262000,49,-54.81,-68.31,46.4,13.87
546,Virginia Beach,1,US,1547264100,76,36.85,-75.98,37.04,6.62
547,Teahupoo,90,PF,1547264040,74,-17.83,-149.27,84.2,13.87
548,Sal Rei,0,CV,1547262000,82,16.18,-22.92,66.2,8.05
549,Uvinza,44,TZ,1547265773,94,-5.1,30.39,61.76,1.81
550,Fostoria,1,US,1547265300,92,43.24,-95.16,30.02,3.36
